,date,text,lng
0,Thu Dec 20 05:20:19 +0000 2018,https://t.co/8nbafHbqor... https://t.co/XtyJwfQrs7,und
1,Thu Dec 20 05:14:22 +0000 2018,At least my #Chromebook is working. For now.,en
2,Thu Dec 20 05:14:17 +0000 2018,"ä½œã£ãŸãƒ•ã‚¡ã‚¤ãƒ«ã®ãƒªãƒãƒ¼ãƒ è¨±ã•ãªã„ã®ã¯ãªã‚“ã§ã ?
Chromebookä½¿ã„è¾›ã„ã€‚",ja
3,Thu Dec 20 05:12:46 +0000 2018,"Dual-booting into Microsoft Windows on a Chromebook looks to be ready soon...
https://t.co/ogcrUSqTof",en
4,Thu Dec 20 05:12:06 +0000 2018,"@Hydrole1 1) A chromebook is a laptop that's centered over Google and their services (Chrome, Drive, etc). I don'tâ€¦ https://t.co/ohNV1U7myy",en
5,Thu Dec 20 05:11:29 +0000 2018,Help me Win an Android Tablet + Set of Business DVDs. Thanks to @grahampaul096 and @appzthatrock: Click here and thâ€¦ https://t.co/IWBFJqFe0U,en
6,Thu Dec 20 05:04:37 +0000 2018,Acer C710-2487 11.6-Inch Chromebook (Iron Gray) https://t.co/qRDq7TdrMJ,en
7,Thu Dec 20 05:04:18 +0000 2018,I just spent $600 on a chromebook and like I really wanted it and just needed a new laptop in general but I've neveâ€¦ https://t.co/TarRR0G5x0,en
8,Thu Dec 20 05:00:01 +0000 2018,"Supercharge your #ChromeOS experience with 65 time-saving #Chromebook #tips, #tricks &amp; techniques for maximumâ€¦ https://t.co/4P0gLi7b5F",en
9,Thu Dec 20 04:58:25 +0000 2018,RT @ProfesserBird: I want to thank yall for the wonderful year! Enter to win a Samsung Chromebook for #Christmas from @ProfesserBird!! httpâ€¦,en
10,Thu Dec 20 04:56:19 +0000 2018,@laurieehansen19 I think of the website as an electronic whiteboard. Every student anonymously submits responses toâ€¦ https://t.co/CnUURogY2z,en
11,Thu Dec 20 04:56:07 +0000 2018,ãƒ–ãƒ­ã‚°ã«ã‚¨ãƒ³ãƒˆãƒª: ã„ã¾ã•ã‚‰ã€ASUS Chromebook Flip C101PA https://t.co/mPXH5Hf4yj,ja
12,Thu Dec 20 04:52:35 +0000 2018,Chromebook - Reinstall the Chrome OS https://t.co/hB88IqtxJB vÃ­a @YouTube,es
13,Thu Dec 20 04:50:45 +0000 2018,"@Postmates if you are wanting to be #BetterThanSanta, please grant me my wish of a brand new chromebook for Christmas! Thanks!",en
14,Thu Dec 20 04:50:29 +0000 2018,https://t.co/y33tcvBnxh... https://t.co/dMmH6cOCCK,und
15,Thu Dec 20 04:46:03 +0000 2018,"Aus einem erfolgreichen, globalen Zusammenarbeit zwischen der 5-jÃ¤hrigen Kami aus dem sÃ¼dlichen- und der 183-jÃ¤hrigâ€¦ https://t.co/11AcS4Gbes",de
16,Thu Dec 20 04:46:01 +0000 2018,"I could win great prizes, now so could you! https://t.co/33WFBnQXxi #WinGreatPrizes #makemoneyfromhome #makemoney #makemoneyonlie",en
17,Thu Dec 20 04:45:33 +0000 2018,Win a Chromebook and a 4 Hour Video Training about Affiliate Marketing Top Secrets Thanks to @commissionsM andâ€¦ https://t.co/QiUEEFLJLS,en
18,Thu Dec 20 04:33:12 +0000 2018,Trying to get @Ultimaker Cura installed on my Google Chromebox under #Crostini. Follow my progress here. #ChromeOSâ€¦ https://t.co/VZF85Z4QBy,en
19,Thu Dec 20 04:29:37 +0000 2018,RT @GVHS_lmc: Please bring your chromebook charged and ready to go! Chances are you will need one for your finals.,en
20,Thu Dec 20 04:27:54 +0000 2018,"After 2 years my chromebook has officially bitten the dust, I suppose it's back to the good old computer with no wifi chip",en
21,Thu Dec 20 04:27:17 +0000 2018,ãã—ã¦ç¬¬äºŒå¼¾ã‚‚ï¼ | [ä¼šå ±èªŒ] ã€ŒChromebookã®ã‚ã‚‹ ãã‚Œãã‚Œã®365æ—¥ã€Day 2ï¼ˆ2019å¹´2ï½3æœˆé ƒï¼‰å‚åŠ å‹Ÿé›†é–‹å§‹ã—ã¾ã—ãŸã€‚ https://t.co/L4of6ieN78,ja
22,Thu Dec 20 04:26:21 +0000 2018,ã‚ã‚ã‚ã€è¦‹é€ƒã—ã¦ãŸï¼ã€€ã¨ã‚Šã‚ãˆãšã½ã¡ã‚Šã€‚ | [ä¼šå ±èªŒ] ã€ŒChromebookã®ã‚ã‚‹ ãã‚Œãã‚Œã®365æ—¥ã€ç¬¬1å·ï¼ˆDay 1ï¼‰ç™ºå£²ã—ã¾ã—ãŸã€‚ https://t.co/iFa1eSglpZ,ja
23,Thu Dec 20 04:25:58 +0000 2018,"Just got my first Chromebook. Can only say it's an interesting experience, so far... #chromebook",en
24,Thu Dec 20 04:24:40 +0000 2018,Lenovo Yoga Chromebook C630 Review - A Surprisingly Great First Attempt - Android Headlines https://t.co/UnuRYg6tZR https://t.co/PpJemUdlWc,en
25,Thu Dec 20 04:24:06 +0000 2018,I'm currently downloading adobe draw to my phone but I'm super nervous because I'll probably mess up because I'm usâ€¦ https://t.co/H5mRmVW3Pw,en
26,Thu Dec 20 04:14:29 +0000 2018,"2019 Newest HP Premium Business Flagship Laptop Chromebook 14"" FHD Backlit Display Intel Celeron N3350 Processor 4Gâ€¦ https://t.co/J7IBcWt1WO",en
27,Thu Dec 20 04:11:58 +0000 2018,New Chromebook but old parents make a dangerous combo,en
28,Thu Dec 20 04:08:38 +0000 2018,@JAYBUMAOM do you have a chromebook charger i can use real quick,en
29,Thu Dec 20 04:03:29 +0000 2018,I USED MY CHROMEBOOK TO TAKE ASS PICS IN THESE CUTE SWEATPANTS AND I WAS SIGNED INTO MY DSUSD ACCT OH MY GOD AM I GONNA GET IN TROUBLE,en
30,Thu Dec 20 04:03:11 +0000 2018,SAMSUNG XE500C21-AZ2US-B B Grade Chromebook Intel Atom N570 (1.66 GHz) 2 GB Memo  https://t.co/afmYxn6n75,pl
31,Thu Dec 20 04:02:32 +0000 2018,"Acerã®Chromebook tab 10ãŒæ¬²ã—ã„ã€œVisual studio codeå…¥ã‚‹ã‹ãªã‚
ã‚¹ãƒˆãƒ¬ãƒ¼ã‚¸å°‘ãªã„ã®æ°—ã«ãªã‚‹ã‘ã©",ja
32,Thu Dec 20 04:02:13 +0000 2018,"I just posted ""Samsung Chromebook 3 11.6 Charger/Adapter 26W"" on Reddit

https://t.co/GzlabXgU9w",en
33,Thu Dec 20 03:59:24 +0000 2018,ä¿¡è€…ãŒèªã‚‹Chromebookï¼†G Suiteã®é­…åŠ›ï¼ˆå¾Œç·¨ï¼‰ï¼šChromebookã§ä½¿ã†Office Onlineï¼Office 365ã®ç¾å®Ÿ - ITmedia ã‚¨ãƒ³ã‚¿ãƒ¼ãƒ—ãƒ©ã‚¤ã‚º https://t.co/EJzQn9aYYw,ja
34,Thu Dec 20 03:52:18 +0000 2018,VanGoddy Orange Trim Anti Fatigue Laptop Backpack for Dell XPS/Latitude/Inspiron/ChromeBook/Precision Mobile Workstâ€¦ https://t.co/RuP8XjyTl6,en
35,Thu Dec 20 03:36:20 +0000 2018,@SwiftOnSecurity Maybe you could get a corn subsidy? Just tweet corn facts from the Chromebook.,en
36,Thu Dec 20 03:31:42 +0000 2018,@SwiftOnSecurity Buy a Chromebook to connect to an Azure VM backed by a corporate card.,en
37,Thu Dec 20 03:30:48 +0000 2018,"hey @TheChillyPanda my school chromebook blocks the link to your discord server, can you send one?",en
38,Thu Dec 20 03:29:05 +0000 2018,"Put up a hands on #review of the #Acer #Chromebook 11 

#wordpress #blog

https://t.co/kUh1r6hhlx",en
39,Thu Dec 20 03:28:35 +0000 2018,https://t.co/yX3mp0nfhS,und
40,Thu Dec 20 03:26:24 +0000 2018,65 #Chromebook tips for maximum productivity https://t.co/UZ228kNewg via @computerworld,en
41,Thu Dec 20 03:21:18 +0000 2018,RT @vpotter: Trying out all these useful #Chromebook tips from @JRRaphael would be a great project to tackle over the holiday break. https:â€¦,en
42,Thu Dec 20 03:11:25 +0000 2018,"RT @pcefancom: Pixelbookã®Goolgleã‚¢ã‚·ã‚¹ã‚¿ãƒ³ãƒˆã€OSè¨­å®šãŒè‹±èªã§ãªã„ã¨ç›¸å¤‰ã‚ã‚‰ãšèµ·å‹•ã¯å‡ºæ¥ãªã„ã‘ã©ã€
è‹±èªã§è³ªå•â†’æ—¥æœ¬èªã§å›ç­”ã™ã‚‹ã‚ˆã†ã«ãªã£ã¦ã„ã¦
æ—¥æœ¬èªã§è³ªå•â†’æ—¥æœ¬èªã§å›ç­”ã‚‚OK
ãªä»•æ§˜ã«å¤‰ã‚ã£ã¦ã„ãŸã€‚
Chromebookã®æ­£å¼ãªGoogleã‚¢â€¦",ja
43,Thu Dec 20 03:05:27 +0000 2018,My chromebook charger j produced sparks when I plugged it in. #PerryInspired,en
44,Thu Dec 20 03:04:28 +0000 2018,"Pixelbookã®Goolgleã‚¢ã‚·ã‚¹ã‚¿ãƒ³ãƒˆã€OSè¨­å®šãŒè‹±èªã§ãªã„ã¨ç›¸å¤‰ã‚ã‚‰ãšèµ·å‹•ã¯å‡ºæ¥ãªã„ã‘ã©ã€
è‹±èªã§è³ªå•â†’æ—¥æœ¬èªã§å›ç­”ã™ã‚‹ã‚ˆã†ã«ãªã£ã¦ã„ã¦
æ—¥æœ¬èªã§è³ªå•â†’æ—¥æœ¬èªã§å›ç­”ã‚‚OK
ãªä»•æ§˜ã«å¤‰ã‚ã£ã¦ã„ãŸã€‚
Chromebookã®æ­£â€¦ https://t.co/iOsrKsM5nT",ja
45,Thu Dec 20 03:03:41 +0000 2018,"Spent some time in @megkeller_wwes class, reviewing chromebook expectations as well as introducing @CapstonePubâ€¦ https://t.co/VF26chja65",en
46,Thu Dec 20 02:59:35 +0000 2018,"@NutellaGlobal #nutella stuffed #redvelvrt #cookiepie

#Recipe: https://t.co/l7B4Z9Z8J7

#bbloggers #bloggerstribeâ€¦ https://t.co/7m80PMOwxW",en
47,Thu Dec 20 02:57:01 +0000 2018,Please @NordVPN when I email your team for the instructions/settings to connect a Chromebook ask them to use theirâ€¦ https://t.co/R77JXf2F6v,en
48,Thu Dec 20 02:51:29 +0000 2018,"So so proud, Ashleigh won a Chromebook at school for always being kindğŸ‘ https://t.co/9rKwSyck1O",en
49,Thu Dec 20 02:51:18 +0000 2018,Help me Win an Android Tablet + Set of Business DVDs. Thanks to @grahampaul096 and @appzthatrock: Click here and thâ€¦ https://t.co/Uip6dzaXp5,en
50,Thu Dec 20 02:50:35 +0000 2018,"I could win great prizes, now so could you! https://t.co/iRYTGg0MGf #WinGreatPrizes #makemoneyfromhome #makemoney #makemoneyonlie",en
51,Thu Dec 20 02:49:19 +0000 2018,Win a Chromebook and a 4 Hour Video Training about Affiliate Marketing Top Secrets Thanks to @commissionsM andâ€¦ https://t.co/Lx8lsTB6fD,en
52,Thu Dec 20 02:47:41 +0000 2018,"HP Chromebook 11 G5 - Education Edition - 11.6"" - Celeron N3060 - 4 GB RAM - 16 GB SSD - US(https://t.co/DSuUlnrXwN) https://t.co/0d7FpT33ty",en
53,Thu Dec 20 02:39:44 +0000 2018,"microSDãŒå‡ºã£å¼µã£ã¡ã‚ƒã†æ©Ÿç¨®ãŒã‚ã‚‹ã¿ãŸã„ãªã®ã§ãƒã‚§ãƒƒã‚¯ã€‚c223ã¯å¤§ä¸ˆå¤«ã€‚ã ã‘ã©ç”¨é€”ãŒãªã„ã€‚ã€‚
#chromebook
#c223
#microsd https://t.co/rCp89ZEVZG",ja
54,Thu Dec 20 02:34:04 +0000 2018,I just ... I donâ€™t understand Best Buy. Youâ€™re giving TrendMicro for free... WITH A CHROMEBOOK!? https://t.co/MtKWXQ5Hmg,en
55,Thu Dec 20 02:30:42 +0000 2018,"RT @BekahHW: @CodeNewbies A2. Confidence ğŸ˜‚. Equipment wise, I was learning on a Chromebook, so I wouldâ€™ve wanted a MacBook. Thanks to a verâ€¦",en
56,Thu Dec 20 02:29:06 +0000 2018,@MissMarlee23 I hate everything about my chromebook omg itâ€™s so annoying!!!!,en
57,Thu Dec 20 02:26:43 +0000 2018,#ndpechat A4 1:1 school with all Ss provided with chromebooks. Can use google classroom to share an assortment of râ€¦ https://t.co/MBo4zkX6cq,en
58,Thu Dec 20 02:26:28 +0000 2018,"@CodeNewbies A2. Confidence ğŸ˜‚. Equipment wise, I was learning on a Chromebook, so I wouldâ€™ve wanted a MacBook. Thanâ€¦ https://t.co/kgzsY6E4jb",en
59,Thu Dec 20 02:21:01 +0000 2018,"Chromebook is aimed for the 'simple', it is 'unlearning Windows' that is difficult.  Almost went and had Santa getâ€¦ https://t.co/Bt53VhMPQa",en
60,Thu Dec 20 02:18:28 +0000 2018,RT @AcerANZ: Fun fact (for fellow nerds): You don't need to be on Wi-Fi to use @googledrive. Here's how you can create and edit documents oâ€¦,en
61,Thu Dec 20 02:17:15 +0000 2018,Concours QuÃ©bec - Ordinateur portable Acer Chromebook 11 #cadeau #chance #Concours #gagnant #jeu #prix #quebecâ€¦ https://t.co/coyxlo4ZQt,fr
62,Thu Dec 20 02:12:49 +0000 2018,@loveleelace I just got checked out at Best Buy. I got a Samsung ChromeBook. Looks pretty decent and not a killer price tag either.,en
63,Thu Dec 20 02:08:04 +0000 2018,@goonsicle The school I teach at has a grant and they all got Chromebooks. They return them for summer or pay a smaâ€¦ https://t.co/UgFPj49C6h,en
64,Thu Dec 20 02:05:46 +0000 2018,RT @ProfesserBird: I want to thank yall for the wonderful year! Enter to win a Samsung Chromebook for #Christmas from @ProfesserBird!! httpâ€¦,en
65,Thu Dec 20 02:04:58 +0000 2018,I purchased a google chromebook to write and to write only. I use it to write and to write only. Itâ€™s barely 2 montâ€¦ https://t.co/NtxewevXHa,en
66,Thu Dec 20 02:02:52 +0000 2018,"2018 HP 14 Chromebook 14"" HD Touchscreen Widescreen Laptop Computer, Intel Celeron N3350 up to 2.4GHz, 4GB Memory,â€¦ https://t.co/HwqJmoo1Fz",en
67,Thu Dec 20 01:59:12 +0000 2018,"@TheRealGDColon True. Wish I could upgrade buuut..... stuff. I know there's a recorder, Screencastify, but it tanksâ€¦ https://t.co/nZklfZrXFm",en
68,Thu Dec 20 01:57:35 +0000 2018,"Win a Dell Chromebook Laptop ($300)!

#gaming #gamer #free #win #sweepstakes #giveaway #contest #sorteo #concurso 

https://t.co/zghIudpzrr",en
69,Thu Dec 20 01:56:06 +0000 2018,"Was invited, and it looks like it's adequate, only thing that I do anymore that a ChromeBook wouldn't satisfy.",en
70,Thu Dec 20 01:51:34 +0000 2018,"By the way, any suggestions such as Screencastify I probably will get, but I already have that and it makes my chroâ€¦ https://t.co/xqdKsZ24O8",en
71,Thu Dec 20 01:51:15 +0000 2018,RT @miyamahulk: å­ä¾›ã«chromebookè²·ã£ã¦ã‚ã’ãŸã‚“ã ã‘ã©ã€ã¡ã‚‡ã£ã¨å¤±æ•—ã—ãŸã‹ãªã¨æ€ã£ã¦ã‚‹ã€‚12æ­³ä»¥ä¸‹ã¯ã¾ã æ—¥æœ¬ã ã¨Googleã‚¢ã‚«ã‚¦ãƒ³ãƒˆä½œã‚Œãªã„ã—ã€Atomã‚¨ãƒ‡ã‚£ã‚¿ãƒ¼ã¨ã‹Scratchã‚‚ç°¡å˜ã«ã¯ã‚¤ãƒ³ã‚¹ãƒˆãƒ¼ãƒ«ã§ããªã„ï¼ˆã‚„ã‚Šæ–¹ã¯ã‚ã‚‹ã‚‰ã—ã„ï¼‰ã€‚ã¾ã‚ã€ã‚¿ãƒƒãƒãƒšãƒ³ã§â€¦,ja
72,Thu Dec 20 01:50:11 +0000 2018,"@EmilySmile_LV I only use Chromebook. They're great for travel, what kinds of things would you be doing with it?
#gHelp",en
73,Thu Dec 20 01:50:08 +0000 2018,"It would be a great help if anyone could provide with some of these, since I can't afford a PC anymore (don't ask)â€¦ https://t.co/7eJRe4Yhbr",en
74,Thu Dec 20 01:49:09 +0000 2018,"@friedrichsci I really love my Asus C302 https://t.co/NpVNutqtDT
#gHelp",en
75,Thu Dec 20 01:49:03 +0000 2018,"Check out Acer Chromebook CB3-111 Exellent, Fast and Affordable! #Acer https://t.co/zZOufFMZCf via @eBay",en
76,Thu Dec 20 01:48:34 +0000 2018,"Hi, I need some help here.
1. Do you know what a chromebook is and have one? If you don't, don't answer.
2. Does anâ€¦ https://t.co/7c3CgZL91K",en
77,Thu Dec 20 01:47:19 +0000 2018,"My teacher deadass wrote NCT on the board but it stood for Notebook, Chromebook, and Textbook I got my hopes up for nun then",en
78,Thu Dec 20 01:47:19 +0000 2018,Buying a Chromebook is honestly one of the worst decisions Iâ€™ve ever made. This laptop is literally USELESS ğŸ˜­,en
79,Thu Dec 20 01:44:13 +0000 2018,I liked a @YouTube video https://t.co/3nucNhxzQo How to Stay Productive as an Expecting Parent with Colleen Ballinger - Chromebook,en
80,Thu Dec 20 01:44:02 +0000 2018,Miss Henwood when she realizes she only has one more Chromebook reminder in 2018 after tonight! https://t.co/6IBK4xYbnb,en
81,Thu Dec 20 01:42:01 +0000 2018,å­ä¾›ã«chromebookè²·ã£ã¦ã‚ã’ãŸã‚“ã ã‘ã©ã€ã¡ã‚‡ã£ã¨å¤±æ•—ã—ãŸã‹ãªã¨æ€ã£ã¦ã‚‹ã€‚12æ­³ä»¥ä¸‹ã¯ã¾ã æ—¥æœ¬ã ã¨Googleã‚¢ã‚«ã‚¦ãƒ³ãƒˆä½œã‚Œãªã„ã—ã€Atomã‚¨ãƒ‡ã‚£ã‚¿ãƒ¼ã¨ã‹Scratchã‚‚ç°¡å˜ã«ã¯ã‚¤ãƒ³ã‚¹ãƒˆãƒ¼ãƒ«ã§ããªã„ï¼ˆã‚„ã‚Šæ–¹ã¯ã‚ã‚‹ã‚‰ã—ã„ï¼‰ã€‚ã¾â€¦ https://t.co/bQAL4F6qWa,ja
82,Thu Dec 20 01:36:06 +0000 2018,Buying a Cyber Monday Chromebook? Read this first     - CNET https://t.co/DUeUVM4dX4,en
83,Thu Dec 20 01:34:59 +0000 2018,RT @Targetedfox: I ran Shrek Super Slam on a Chromebook https://t.co/lsxxoWZRTB,en
84,Thu Dec 20 01:32:38 +0000 2018,@Pmsm60Trish @dodger_dogs @MrsBammes @syntheticrebel1 @unirachels @TFakening @Jaynitess @AreYaMadYet @lichgore2â€¦ https://t.co/lqEhaWbwyn,en
85,Thu Dec 20 01:29:53 +0000 2018,"RT @foes4sports: @JoelCressman @PEgeeks @PEResourcesBank Find a ton of Yoga resources here: https://t.co/VZFDHkQf7H.  We, also, have a Yogaâ€¦",en
86,Thu Dec 20 01:26:12 +0000 2018,@TuckerCarlson Bug tech SHOULD NOT GET ANYTHING from the darn government. Phone use is RUINING education along withâ€¦ https://t.co/POtD2HzJBd,en
87,Thu Dec 20 01:24:12 +0000 2018,Someone stole my chromebook. ğŸ˜­ https://t.co/8SWymQB4Sr,en
88,Thu Dec 20 01:23:49 +0000 2018,1 grade 3 student + 1 intermediate student + 1 chromebook = Tech Collaboration!!! @SWS_PS #swscampx https://t.co/xBc9r2HEAo,en
89,Thu Dec 20 01:23:45 +0000 2018,"I got a Chromebook because my mac is not really super useful with all these OSX upgrades, my ipad has a crap batterâ€¦ https://t.co/GKRnZ0eYUi",en
90,Thu Dec 20 01:23:31 +0000 2018,"RT @ink_freely: Google Chromebook aims to build better computing through the application of the founding principles of â€œspeed, security, anâ€¦",en
91,Thu Dec 20 01:22:04 +0000 2018,@Pmsm60Trish @dodger_dogs @MrsBammes @syntheticrebel1 @unirachels @TFakening @Jaynitess @AreYaMadYet @lichgore2â€¦ https://t.co/Qnesde2BAK,en
92,Thu Dec 20 01:14:00 +0000 2018,è€ƒãˆã‚Œã°è€ƒãˆã‚‹ã»ã©ã¡ã‚‡ã£ã¨ã—ãŸæ›¸ãç‰©ã‚„ã‚³ãƒ¼ãƒ‡ã‚£ãƒ³ã‚°ç”¨é€”ãªã‚‰Macã˜ã‚ƒãªãã¦Chromebookã§ã„ã„ãªã¨ãªã£ã¦ã„ãã€‚,ja
93,Thu Dec 20 01:13:34 +0000 2018,HP Chromebook x2 review: A better bet and bargain than the Google Pixel Slate https://t.co/ghkYFTpw98 Less money anâ€¦ https://t.co/ltIPak9Gb4,en
94,Thu Dec 20 01:13:17 +0000 2018,RT @GVHS_lmc: Please bring your chromebook charged and ready to go! Chances are you will need one for your finals.,en
95,Thu Dec 20 01:10:41 +0000 2018,"Wait at the door
Say hello as they enter
Smile! ğŸ˜€
Bookbag on counter
Chromebook on desk
Screen turned to face teachâ€¦ https://t.co/YOvnJPaC90",en
96,Thu Dec 20 01:06:19 +0000 2018,Esteban pidiendo una computadora Chromebook https://t.co/gJf7uwJzfY,es
97,Thu Dec 20 01:02:20 +0000 2018,I'm just going to casually spend my Christmas break searching for @winmoregrants so my class can be 1:1.  I'm overâ€¦ https://t.co/RU66KKSeK9,en
98,Thu Dec 20 01:01:20 +0000 2018,RT @Targetedfox: I ran Shrek Super Slam on a Chromebook https://t.co/lsxxoWZRTB,en
99,Thu Dec 20 00:59:41 +0000 2018,I ran Shrek Super Slam on a Chromebook https://t.co/lsxxoWZRTB,en
100,Thu Dec 20 00:57:29 +0000 2018,"ä¸€æ™‚æœŸChromebookãŒWindowsã‚’ã€çš„ãªè©±ãŒæ—¥æœ¬ã§ã‚‚ã‚ã£ãŸã‘ã©ã€Chromebookã®ã€Œçµ¶æœ›çš„ãªã¾ã§ã«æ‹¡å¼µæ©Ÿèƒ½ãŒæ—¥æœ¬èªå¯¾å¿œã—ã¦ãªã„ã€ã£ã¦å•é¡Œã®ã›ã„ã§æ®†ã©æµè¡Œã‚‰ãªã‹ã£ãŸã‚ˆã­ã€‚
æœ€è¿‘ã¯Androidã‚¢ãƒ—ãƒªãŒä½¿ãˆã‚‹ã‚ˆã†ã«ãªã£ãŸâ€¦ https://t.co/iHGWcn1TQJ",ja
101,Thu Dec 20 00:54:39 +0000 2018,"Chromebookã§365ã¯ä½¿ãˆãªã„ï¼Ÿ
é¦¬é¹¿é‡éƒã€‚ãã‚“ãªã‚ˆãã‚ã‹ã‚“ãªã„ã‚‚ã®è²·ã‚ãšWindowsè²·ãˆã£ã¦ã“ã¨ã ã‚ˆã„ã‚ã›ã‚“ãª",ja
102,Thu Dec 20 00:52:56 +0000 2018,"Chromebookã§ä½¿ã†Office Onlineï¼Office 365ã®ç¾å®Ÿ - ITmedia ã‚¨ãƒ³ã‚¿ãƒ¼ãƒ—ãƒ©ã‚¤ã‚º https://t.co/9oJuQe62sX

Officeã‚ªãƒ³ãƒ©ã‚¤ãƒ³ã‚„Officeãƒ¢ãƒã‚¤ãƒ«ã¯ã‚ãã¾ã§ã‚‚ã‚ªãƒâ€¦ https://t.co/lx6eQXxyMf",ja
103,Thu Dec 20 00:49:51 +0000 2018,"RT @sellorm: Just installed @RStudio desktop on my #Chromebook - No real need to, just wanted to see if it could be done. #itCan #rstats htâ€¦",en
104,Thu Dec 20 00:48:52 +0000 2018,Only if you're completely mental! https://t.co/mnLxgvQRk5,en
105,Thu Dec 20 00:48:44 +0000 2018,@dtelgenhof @abst16 @UMich Does her chromebook have a virus now?!? Just kidding that is an increadible accomplishmeâ€¦ https://t.co/Kd9KCRvWQp,en
106,Thu Dec 20 00:47:39 +0000 2018,@aceofknaves88 Maybe a nice Chromebook or tablet? Can read the articles from her desired place?,en
107,Thu Dec 20 00:47:22 +0000 2018,"Guys guys guys I found a way to access Twitter from my Chromebook!

Even though it's blocked, heheheheheh!

Currentâ€¦ https://t.co/GQsxCowehg",en
108,Thu Dec 20 00:46:54 +0000 2018,RevisiÃ³n del Chromebook x2 de HP: Una mejor apuesta y mejor oferta que la Google Pixel Slate - https://t.co/cl24alKkGz,es
109,Thu Dec 20 00:44:16 +0000 2018,@icedoutomnitrix ima tell ur dad u got porn on ur chromebook,en
110,Thu Dec 20 00:41:49 +0000 2018,"STUDENT: My Chromebook is out of juice

ANOTHER STUDENT: *completely shocked* They have juice in them?! ğŸ˜®",en
111,Thu Dec 20 00:40:06 +0000 2018,Installing the best software on my Chromebook https://t.co/jb2NDIUqbE,en
112,Thu Dec 20 00:37:10 +0000 2018,"I could win great prizes, now so could you! https://t.co/TjrPGFsU03 #WinGreatPrizes #makemoneyfromhome #makemoney #makemoneyonlie",en
113,Thu Dec 20 00:36:16 +0000 2018,Win a Chromebook and a 4 Hour Video Training about Affiliate Marketing Top Secrets Thanks to @commissionsM andâ€¦ https://t.co/HUVs4aNdLp,en
114,Thu Dec 20 00:30:22 +0000 2018,i ordered a screen to finally fix my chromebook after 2 years lmao,en
115,Thu Dec 20 00:27:58 +0000 2018,"RT @Fragile1973: ã„ã‚ˆã„ã‚ˆChromebookã«ã‚‚Googleã‚¢ã‚·ã‚¹ã‚¿ãƒ³ãƒˆãã‚‹ã‹ï¼Ÿâ†’Engadget æ—¥æœ¬ç‰ˆ: Chrome OS 72ãƒ™ãƒ¼ã‚¿ç‰ˆã€éGoogleè£½ãƒ‡ãƒã‚¤ã‚¹ã§ã‚‚Googleã‚¢ã‚·ã‚¹ã‚¿ãƒ³ãƒˆã‚’ã‚µãƒãƒ¼ãƒˆã€‚å®‰å®šç‰ˆã¯æ¥å¹´ã®1æœˆ.
https://t.co/AFâ€¦",ja
116,Thu Dec 20 00:27:47 +0000 2018,this wa s all my chromebook wuld let me do... homophobe,en
117,Thu Dec 20 00:26:09 +0000 2018,RT @goyou: ã»ã‚“ã¨ã«å®Œå…¨ã«ãƒ¡ãƒ³ãƒ†ãƒŠãƒ³ã‚¹ãƒ•ãƒªãƒ¼ãªã®ã§ã€éå¸¸å‹¤è¬›å¸«ã®å…±ç”¨ãƒã‚·ãƒ³ã®åŠåˆ†ã¯Chromebookã«ã—ã¾ã—ãŸã€‚å…¨PCã®ChromebookåŒ–ã¯ã€æ•™æã«ãƒ«ãƒ“ã‚’æŒ¯ã‚‰ãªã‘ã‚Œã°ãªã‚‰ãªã„ã®ã ã‘ãŒãƒœãƒˆãƒ«ãƒãƒƒã‚¯ã§ã™ã€‚ https://t.co/9BPBGHiGj9,ja
118,Thu Dec 20 00:22:15 +0000 2018,"RT @wallsbyjfl: #Unsplash composite for #Desktop by JFL 

Download:
https://t.co/lns6E42Hzh

Original:
https://t.co/L8n8IXSHCU

#homescreenâ€¦",en
119,Thu Dec 20 00:15:40 +0000 2018,@back2chain us.... wer tell pur 55 kids beautiful story of time we hd to use chromebook and ios 9 to communcate ğŸ¤¤ https://t.co/qpPb7spCsa,en
120,Thu Dec 20 00:15:10 +0000 2018,"Enter to win a Acer Chromebook 14 for Work https://t.co/kh1ThPUhjn referral - only open to British Columbia, Albertâ€¦ https://t.co/OUGy93cIjh",en
121,Thu Dec 20 00:12:07 +0000 2018,RT @DKLCPS: 65 Chromebook tips for maximum productivity https://t.co/qJ2tNcaYSS via @computerworld #LCPS19 #LCPSIFTS,en
122,Thu Dec 20 00:08:12 +0000 2018,"Just installed @RStudio desktop on my #Chromebook - No real need to, just wanted to see if it could be done. #itCanâ€¦ https://t.co/WNc9vpMt4i",en
123,Thu Dec 20 00:02:20 +0000 2018,@cmclymer A CHROMEBOOK? Really? Really? And I thought I knew you.,en
124,Thu Dec 20 00:01:26 +0000 2018,@back2chain th fact u screenshot@ this from ur chromebook ğŸ˜­ğŸ˜­ mother ashha pleas giv ashha phone back and ban homework ğŸ“š lesbian rights,en
125,Thu Dec 20 00:00:35 +0000 2018,Fun fact (for fellow nerds): You don't need to be on Wi-Fi to use @googledrive. Here's how you can create and editâ€¦ https://t.co/PpbYOAcd2w,en
126,Wed Dec 19 23:59:02 +0000 2018,HP Chromebook x2 Now Sold With Intel Core i5 And Intel Pentium 4415Y Processors https://t.co/7e1sbPiTXw,en
127,Wed Dec 19 23:56:30 +0000 2018,"RT @VillanovaSchool: Annual Fundraiser Prizes Awarded.  The 1st, 2nd and 3rd in sales were Chelsea O, Carter M and Merissa H.  The winner oâ€¦",en
128,Wed Dec 19 23:53:40 +0000 2018,Google has released a Chrome Beta for Android Update. Read whats new at https://t.co/ra3YD1qtLA #chrome #chromebook,en
129,Wed Dec 19 23:52:00 +0000 2018,"RT @outliner_jp: Chromebookã®æ‹¡å¼µæ©Ÿèƒ½ãƒ»Chromeã‚¢ãƒ—ãƒªãƒ»Androidã‚¢ãƒ—ãƒªã®è¦‹åˆ†ã‘æ–¹ã€‚

ã€Œæ‹¡å¼µæ©Ÿèƒ½(chrome://extensions/)ã€ã®ãƒšãƒ¼ã‚¸ã‚’é–‹ãã€‚
ä¸ŠãŒæ‹¡å¼µæ©Ÿèƒ½ã§ã€ã€ŒChromeã‚¢ãƒ—ãƒªã€ã¨ã„ã†è¡¨ç¤ºã®ä¸‹ã«ã‚¢ãƒ—ãƒªã€‚
ã“ã“ã«ãªã„ã‚‚ã®ãŒã€â€¦",ja
130,Wed Dec 19 23:51:18 +0000 2018,"ROBLOX, I need your help. My ROBLOX username is AlexanderAmberYT and I accidentally sent my ROBLOX exclusive codesâ€¦ https://t.co/8XSvAUrZjN",en
131,Wed Dec 19 23:50:20 +0000 2018,"USB C Hub Multiport USB C to SD/TF Card Adapter, WMZ USB C Adapter with Charging Ports for MacBook Pro 2016/2017, Gâ€¦ https://t.co/5d1aFlFntb",en
132,Wed Dec 19 23:47:55 +0000 2018,ä¼‘ã¿æ™‚é–“ã¯ChromeBookã‚’ã„ã˜ã‚‹æ™‚é–“ã«ãªã£ã¦ã„ã‚‹(),ja
133,Wed Dec 19 23:47:47 +0000 2018,è»½é‡ãƒ»è–„å‹ãƒãƒ¼ãƒˆPCã€ASUS Chromebook Flip C101PAã€‘ã‚³ã‚¹ãƒ‘æœ€é«˜ã§è¶…ãŠã™ã™ã‚ãªä»¶ https://t.co/b6meZeT73H,ja
134,Wed Dec 19 23:44:35 +0000 2018,glad i figured out how to add an art tag to my blog you'd think i'd remember after all the nights i stayed up tillâ€¦ https://t.co/JVJ3RzT3kZ,en
135,Wed Dec 19 23:42:51 +0000 2018,@HPSupport wondering where can I buy the HP Chromebook 14 with Celeron N3450 processor (in both Hong Kong and United Kingdom)?,en
136,Wed Dec 19 23:42:32 +0000 2018,"RT @wallsbyjfl: #Unsplash composite for #Desktop by JFL 

Download:
https://t.co/lns6E42Hzh

Original:
https://t.co/L8n8IXSHCU

#homescreenâ€¦",en
137,Wed Dec 19 23:41:10 +0000 2018,RT @EAST_HAWKS: Donâ€™t forget to turn in your signed AUP &amp; Device Agreement today. You will not get your Chromebook after break until we havâ€¦,en
138,Wed Dec 19 23:40:18 +0000 2018,RT @goyou: ã»ã‚“ã¨ã«å®Œå…¨ã«ãƒ¡ãƒ³ãƒ†ãƒŠãƒ³ã‚¹ãƒ•ãƒªãƒ¼ãªã®ã§ã€éå¸¸å‹¤è¬›å¸«ã®å…±ç”¨ãƒã‚·ãƒ³ã®åŠåˆ†ã¯Chromebookã«ã—ã¾ã—ãŸã€‚å…¨PCã®ChromebookåŒ–ã¯ã€æ•™æã«ãƒ«ãƒ“ã‚’æŒ¯ã‚‰ãªã‘ã‚Œã°ãªã‚‰ãªã„ã®ã ã‘ãŒãƒœãƒˆãƒ«ãƒãƒƒã‚¯ã§ã™ã€‚ https://t.co/9BPBGHiGj9,ja
139,Wed Dec 19 23:39:22 +0000 2018,"RT @pcefancom: æœ€è¿‘ãƒã‚¤ãƒ³ãƒ‰ãƒãƒƒãƒ—ã¯ã²ãŸã™ã‚‰Mindmeisterã‚’ä½¿ã†ã‚ˆã†ã«ãªã£ãŸã€‚
ç†ç”±ã¨ã—ã¦ã¯
ãƒ»Chromebookã§ã‚‚åˆ©ç”¨ã§ãã‚‹
ãƒ»ãƒ–ãƒ©ã‚¦ã‚¶åˆ©ç”¨ã§OSãƒ•ãƒªãƒ¼
ãƒ»ä¿å­˜ãŒGoogleãƒ‰ãƒ©ã‚¤ãƒ–ãªã®ã§ä¿å­˜å ´æ‰€ã«æ°—ã‚’æ­¢ã‚ãªãã¦ã„ã„
ãƒ»èµ·å‹•ãŒè»½ã„
ãƒ»è¦‹ãŸç›®ãŒãŠã—ã‚ƒã‚Œâ€¦",ja
140,Wed Dec 19 23:39:18 +0000 2018,RT @McKeduc8or: Old school blocks trump Chromebook time during PBIS Reward Day in STEAM @NewTownES. @catperryNJ @LindseyW1021 @AGHoulihan hâ€¦,en
141,Wed Dec 19 23:39:18 +0000 2018,RT @MrsJenKennett: Thank you @glaze_ms and class for joining us today. We loved playing Kahoot with you. The Christmas questions were so fuâ€¦,en
142,Wed Dec 19 23:37:37 +0000 2018,I feel like one day a kids gonna break his Chromebook because they were in 1st in Kahoot and they got one answer wrâ€¦ https://t.co/AfaL768NOO,en
143,Wed Dec 19 23:37:32 +0000 2018,Windowsã‚„Macã§ã™ã¨è²·ã„æ›¿ãˆã®ãŸã³ã«ç’°å¢ƒç§»è¡Œã‚‚å¤§å¤‰ã§ã™ã—â€¦Chromebookæ¥½ã§ã™ã®ã§ã€‚,ja
144,Wed Dec 19 23:37:02 +0000 2018,"Acer 14"" Chromebook Intel Celeron N3160 1.6GHz 4GB Ram 32GB Flash Chrome OS https://t.co/FCOwlyOHy0",pl
145,Wed Dec 19 23:36:05 +0000 2018,RT @JRRaphael: Fair warning: Your brain may not be able to absorb all the awesomeness in this enormous new collection of Chromebook tips.â€¦,en
146,Wed Dec 19 23:34:53 +0000 2018,ã€ŒChromebookã®ã‚ã‚‹ãã‚Œãã‚Œã®365æ—¥Day1ã€ã‚’èª­äº†ã€‚â—‹â—‹ã«ã¨ã£ã¦ã‚³ãƒ³ãƒ”ãƒ¥ãƒ¼ã‚¿ãƒ¼ã¯æ–™ç†äººã®åŒ…ä¸ã€ç†æƒ³ã®åŒ…ä¸ã‚„åˆ€ã‚’æ±‚ã‚ã¦ã€œã¨ã„ã†è€ƒãˆã«æ€ã‚ãšé ·ããªã©ã€‚åƒãå§‹ã‚ãŸã¨ãã¯å…­æ³•ã‚„é›»å“ãªã©ãŒä¸€ç•ªå¤§åˆ‡ãªä»•äº‹é“å…·ã ã£ãŸã‘ã‚Œã©ã‚‚ã€ä»Šã§ã¯æ¯”è¼ƒçš„é‡è¦åº¦ä¸‹ãŒã£ã¦ã„ã¾ã™ã—ã­ã€‚,ja
147,Wed Dec 19 23:32:47 +0000 2018,"RT @Willow_OaksES: PTO awarded the top fundraisers for the @Boosterthon FunRun in support of Willow Oaks.

Kaitlyn, 1st Place, 5th grader,â€¦",en
148,Wed Dec 19 23:31:48 +0000 2018,"PTO awarded the top fundraisers for the @Boosterthon FunRun in support of Willow Oaks.

Kaitlyn, 1st Place, 5th graâ€¦ https://t.co/ZM2obZRQ3U",en
149,Wed Dec 19 23:26:41 +0000 2018,"Samsung Chromebook (Wi-Fi, 11.6-Inch) 
Product works and looks like new. Comes with a 90-day warranty.
This Amazonâ€¦ https://t.co/ULd1xCKK38",en
150,Wed Dec 19 23:20:20 +0000 2018,"Dell Chromebook 11 5190 11.6"" N3350 4GB 32GB SSD Webcam Chrome OS Touchscreen https://t.co/Shp3MoruST",en
151,Wed Dec 19 23:19:54 +0000 2018,ãƒ¯ã‚¤ãŒæ¥å¹´è²·ãŠã†ã¨æ€ã£ã¦ã„ã‚‹Chromebookã®ä»•æ§˜ã¾ã¨ã‚ https://t.co/zrNW9jsj8p,ja
152,Wed Dec 19 23:19:11 +0000 2018,"@kateliyanik @mysmartprice @madebygoogle Will the Google Home Mini work with Chromebook?  Cheers, and thanks, Nick.",en
153,Wed Dec 19 23:16:41 +0000 2018,RT @Jaguard: Windows Lite - It's Microsoft's Chrome OS Killer that will only run Progressive Web Apps (PWAs) and Universal Windows Platformâ€¦,en
154,Wed Dec 19 23:15:34 +0000 2018,"Lenovo 2-in-1 11.6"" HD IPS Touch-Screen LED-Backlight Chromebook | MediaTek MT8173c 2.1 GHz Quad-Cor... https://t.co/JQu3ZEIUCG",en
155,Wed Dec 19 23:11:15 +0000 2018,ã»ã‚“ã¨ã«å®Œå…¨ã«ãƒ¡ãƒ³ãƒ†ãƒŠãƒ³ã‚¹ãƒ•ãƒªãƒ¼ãªã®ã§ã€éå¸¸å‹¤è¬›å¸«ã®å…±ç”¨ãƒã‚·ãƒ³ã®åŠåˆ†ã¯Chromebookã«ã—ã¾ã—ãŸã€‚å…¨PCã®ChromebookåŒ–ã¯ã€æ•™æã«ãƒ«ãƒ“ã‚’æŒ¯ã‚‰ãªã‘ã‚Œã°ãªã‚‰ãªã„ã®ã ã‘ãŒãƒœãƒˆãƒ«ãƒãƒƒã‚¯ã§ã™ã€‚ https://t.co/9BPBGHiGj9,ja
156,Wed Dec 19 23:10:46 +0000 2018,"Wise words! #WednesdayWisdom 
My kiddos &amp; I would appreciate your supportâ€”all donations are tax deductible, and wouâ€¦ https://t.co/m5cx4EsgqG",en
157,Wed Dec 19 23:08:52 +0000 2018,"Not only did I forget my headphones for the listening part on my Spanish exam, but I also forgot my chromebook. Wheâ€¦ https://t.co/4OZ6ENEOZ9",en
158,Wed Dec 19 23:07:14 +0000 2018,Gostei de um vÃ­deo @YouTube https://t.co/2u440DQLJW um chromebook de qualquer PC,pt
159,Wed Dec 19 23:05:58 +0000 2018,hi i got my phone taken away so i have no form of social media except for instagram twitter and facebook so someoneâ€¦ https://t.co/mcl0q0BtGc,en
160,Wed Dec 19 23:02:20 +0000 2018,"Love seeing support like this for teachers bringing #tech into the #STEM classroom! 
â€¢ â€¢ â€¢
@GoogleForEdu is life. Tâ€¦ https://t.co/KUARBWcsQi",en
161,Wed Dec 19 23:01:47 +0000 2018,"Our Winter Writing Celebration had children, parents, and grandparents reading and enjoying our published How To...â€¦ https://t.co/OLFlWxCSGy",en
162,Wed Dec 19 23:00:14 +0000 2018,"RT @Fragile1973: ã„ã‚ˆã„ã‚ˆChromebookã«ã‚‚Googleã‚¢ã‚·ã‚¹ã‚¿ãƒ³ãƒˆãã‚‹ã‹ï¼Ÿâ†’Engadget æ—¥æœ¬ç‰ˆ: Chrome OS 72ãƒ™ãƒ¼ã‚¿ç‰ˆã€éGoogleè£½ãƒ‡ãƒã‚¤ã‚¹ã§ã‚‚Googleã‚¢ã‚·ã‚¹ã‚¿ãƒ³ãƒˆã‚’ã‚µãƒãƒ¼ãƒˆã€‚å®‰å®šç‰ˆã¯æ¥å¹´ã®1æœˆ.
https://t.co/AFâ€¦",ja
163,Wed Dec 19 23:00:01 +0000 2018,"@JoelCressman @PEgeeks @PEResourcesBank Find a ton of Yoga resources here: https://t.co/VZFDHkQf7H.  We, also, haveâ€¦ https://t.co/BlNmKjL8UB",en
164,Wed Dec 19 22:59:45 +0000 2018,Thank you @glaze_ms and class for joining us today. We loved playing Kahoot with you. The Christmas questions wereâ€¦ https://t.co/7gaBBQFlVM,en
165,Wed Dec 19 22:56:02 +0000 2018,"@IncredibleTrade But no, itâ€™s not normal. It works fine from my phone, so it absolutely should from a computer. Itâ€¦ https://t.co/O3aTsVhbEH",en
166,Wed Dec 19 22:54:19 +0000 2018,Lenovo Yoga Chromebook C630 Review - A Surprisingly Great First Attempt - Android Headlines https://t.co/z8hZo4BHVR,en
167,Wed Dec 19 22:53:30 +0000 2018,Chromebookã§ä½¿ã†Office Onlineï¼Office 365ã®ç¾å®Ÿ https://t.co/yIlyIbHp0G,ja
168,Wed Dec 19 22:52:00 +0000 2018,"Digital Trends: Youâ€™ll soon be able to run Windows and Chrome OS on your Chromebook.
https://t.co/rQcbwbACtj",en
169,Wed Dec 19 22:51:56 +0000 2018,MaÃ±ana verÃ© si funciona en el chromebook,es
170,Wed Dec 19 22:51:55 +0000 2018,https://t.co/3JDgc84XQQ,und
171,Wed Dec 19 22:51:03 +0000 2018,ã„ã‚ˆã„ã‚ˆChromebookã«ã‚‚Googleã‚¢ã‚·ã‚¹ã‚¿ãƒ³ãƒˆãã‚‹ã‹ï¼Ÿâ†’Engadget æ—¥æœ¬ç‰ˆ: Chrome OS 72ãƒ™ãƒ¼ã‚¿ç‰ˆã€éGoogleè£½ãƒ‡ãƒã‚¤ã‚¹ã§ã‚‚Googleã‚¢ã‚·ã‚¹ã‚¿ãƒ³ãƒˆã‚’ã‚µãƒãƒ¼ãƒˆã€‚å®‰å®šç‰ˆã¯æ¥å¹´ã®1æœˆ.â€¦ https://t.co/7oLCqEMASp,ja
172,Wed Dec 19 22:49:40 +0000 2018,"""Good luck finding my busted laptop and the worthless data inside of it."" Here's why this guy uses a Chromebook likâ€¦ https://t.co/ThdRjrXepW",en
173,Wed Dec 19 22:47:04 +0000 2018,Old school blocks trump Chromebook time during PBIS Reward Day in STEAM @NewTownES. @catperryNJ @LindseyW1021â€¦ https://t.co/yx5TFHS2v5,en
174,Wed Dec 19 22:45:39 +0000 2018,"Acer memperluaskan rangkaian PC dengan all-in-one baru, Chromebook | Tech / Gadgets - https://t.co/sAT1T1JK6m
Penguâ€¦ https://t.co/UzYCc4AOn6",in
175,Wed Dec 19 22:45:38 +0000 2018,"Acer memperluaskan rangkaian PC dengan all-in-one baru, Chromebook | Tech / Gadgets - https://t.co/pOcAj6CEWY
Penguâ€¦ https://t.co/E5yYl1vjYB",in
176,Wed Dec 19 22:40:11 +0000 2018,"Adaptateur HDMI vers VGA, IBRA 1080P Convertisseur HDMI vers VGA actif avec sortie audio et cÃ¢ble de chargement Micâ€¦ https://t.co/scxa1Cr9zH",fr
177,Wed Dec 19 22:39:08 +0000 2018,"RT @GSuiteCAT: ğŸ’» Taller â€œDescobrim els Chromebooksâ€
âœ… impartit per @yvonnetugues a la 2a Trobada #GSuiteCAT2019
#Chromebook

ğŸ‘‡ğŸ¼Inscripcionsâ€¦",ca
178,Wed Dec 19 22:39:06 +0000 2018,"RT @SMEmHUBUK: Enter Our Contest, Win a Chromebook for Your Small Business This Black Friday! https://t.co/AOxBkBTgdS https://t.co/zHbeEW1Gâ€¦",en
179,Wed Dec 19 22:38:28 +0000 2018,@HPUK wondering where can I buy the HP Chromebook 14 with Celeron N3450 processor?,en
180,Wed Dec 19 22:36:33 +0000 2018,You'll soon be able to run Windows and Chrome OS on your Chromebook - Digital Trends https://t.co/21jSaPH7Fu,en
181,Wed Dec 19 22:36:02 +0000 2018,"RT @SMEmHUBUK: Enter Our Contest, Win a Chromebook for Your Small Business This Black Friday! https://t.co/AOxBkBTgdS https://t.co/zHbeEW1Gâ€¦",en
182,Wed Dec 19 22:36:02 +0000 2018,"RT @SMEmHUBUK: Enter Our Contest, Win a Chromebook for Your Small Business This Black Friday! https://t.co/AOxBkBTgdS https://t.co/zHbeEW1Gâ€¦",en
183,Wed Dec 19 22:35:35 +0000 2018,"Enter Our Contest, Win a Chromebook for Your Small Business This Black Friday! https://t.co/AOxBkBTgdS https://t.co/zHbeEW1GV5",en
184,Wed Dec 19 22:31:04 +0000 2018,Gostei de um vÃ­deo @YouTube https://t.co/699UlIbUeP um chromebook de qualquer PC,pt
185,Wed Dec 19 22:30:51 +0000 2018,Now available on our store: Toshiba CB35-B333...  Check it out here! https://t.co/rsVSLnPgAu,en
186,Wed Dec 19 22:27:24 +0000 2018,"RT @MrsJFlinn: There is still time to tweet about MathUP to be entered into our draw Friday at noon for fabulous prizes, including the granâ€¦",en
187,Wed Dec 19 22:27:19 +0000 2018,"En dan moeten we ook nog geloven dat McNulty ""romancier"" is, maar we zien hem niet veel schrijven. Ik zag hem net wâ€¦ https://t.co/icSi4k6C1d",nl
188,Wed Dec 19 22:26:56 +0000 2018,@PhoenixSignsRBX that or u could dm me and i can give u my discord where i can give u a chromebook roblox code forâ€¦ https://t.co/XZOWWKwoPT,en
189,Wed Dec 19 22:26:51 +0000 2018,@PhoenixSignsRBX that or u could dm me and i can give u my discord where i can give u a chromebook roblox code forâ€¦ https://t.co/BEJSsxR1PB,en
190,Wed Dec 19 22:25:39 +0000 2018,"My email is being mean
&gt;couldnt sign in on my phone
&gt;couldnt sign in on a school chromebook
&gt;Couldnt sign in on myâ€¦ https://t.co/mLeozGusyP",en
191,Wed Dec 19 22:22:52 +0000 2018,"Parents,
 
If you are planning on letting your child take home their Chromebook once we return from Winter Break, pâ€¦ https://t.co/usGs88kHmL",en
192,Wed Dec 19 22:21:57 +0000 2018,"RT @VillanovaSchool: Annual Fundraiser Prizes Awarded.  The 1st, 2nd and 3rd in sales were Chelsea O, Carter M and Merissa H.  The winner oâ€¦",en
193,Wed Dec 19 22:21:57 +0000 2018,RT @GonzaloETC: Family Link llega a Chromebook para ayudar a la familias en la adopciÃ³n de hÃ¡bitos digitales de l@s niÃ±@s en casa #teamchroâ€¦,es
194,Wed Dec 19 22:19:45 +0000 2018,@TreyStoneAuthor Oof. Sometimes that works perfectly and sometimes it doesn't so I just open a new GDoc for travelâ€¦ https://t.co/d2cNvsdAsR,en
195,Wed Dec 19 22:18:49 +0000 2018,"RT @Androidheadline: Lenovo Yoga Chromebook C630 Review - A Surprisingly Great First Attempt
 https://t.co/MOiEUWenHs #android #reviews #leâ€¦",en
196,Wed Dec 19 22:16:36 +0000 2018,"RT @SweepsAdvantage: Enter to Win the Ultimate Laptop!
https://t.co/yYadRsbSE7 https://t.co/K3LqjVC7Y4",en
197,Wed Dec 19 22:16:26 +0000 2018,"Demain, si tout va bien, je quitterai le travail Ã  17:00 et je me dirigerai vers les Galeries de la Capitale afin dâ€¦ https://t.co/5yfiFNuj7v",fr
198,Wed Dec 19 22:15:50 +0000 2018,RT @KevinCTofel: ICYMI: Dual-booting into Microsoft #Windows on a #Chromebook looks to be ready soon. https://t.co/bTBIfN6hYw,en
199,Wed Dec 19 22:15:19 +0000 2018,"HP Chromebook x2 review: A better bet and bargain than the Google Pixel Slate...
https://t.co/o238CVXUuX via @pcworld",en
200,Wed Dec 19 22:15:05 +0000 2018,#Lenovo #ChromebookC330 Review &amp; Rating | https://t.co/D0Hl7Uli9V https://t.co/DGhIVbVHeJ,en
201,Wed Dec 19 22:14:32 +0000 2018,"RT @MrsJFlinn: There is still time to tweet about MathUP to be entered into our draw Friday at noon for fabulous prizes, including the granâ€¦",en
202,Wed Dec 19 22:14:01 +0000 2018,RT @KateNicole25: Yoooo tell me WHY I brought one of my damn eyeshadow palettes to school thinking it was my chromebook ğŸ˜©ğŸ˜©ğŸ˜©ğŸ˜‚ğŸ˜‚ https://t.co/â€¦,en
203,Wed Dec 19 22:13:16 +0000 2018,RT @_jeff_nelson: What can you do with a Chromebook? - https://t.co/ObcLWbssuK (press release) https://t.co/KWzPnEa3YJ,en
204,Wed Dec 19 22:07:42 +0000 2018,RT @harrison579: Super proud of the tech integration @pride_mesina has implemented this year with her kinder class! She earned a Chromebookâ€¦,en
205,Wed Dec 19 22:05:27 +0000 2018,@ShadowWolfCat @LucidlyJess Whatâ€™s a chromebook?,en
206,Wed Dec 19 22:05:14 +0000 2018,"RT @AuditGSuite: Watch https://t.co/TLcc0iTOmA

In this video, we show you (the G Suite Admin) how to view all the sites your Google domainâ€¦",en
207,Wed Dec 19 22:04:23 +0000 2018,What can you do with a Chromebook? - https://t.co/ObcLWbssuK (press release) https://t.co/KWzPnEa3YJ,en
208,Wed Dec 19 22:03:20 +0000 2018,"@Jdunn83Dunn Yea, that's the down side of relying on Java. Has to be run on something has needs more permissions thâ€¦ https://t.co/hWwpoyOxKA",en
209,Wed Dec 19 22:00:19 +0000 2018,Read my Dec 20 Newsletter featuring â€œSnag The HP Chromebook X360 14 For $499â€ https://t.co/2HfHQdknjx,en
210,Wed Dec 19 21:57:00 +0000 2018,Best Affordable Chromebooks For Kids: Late 2018 [VIDEO] #chromebook https://t.co/vTHTfyTxW3 https://t.co/p5yksAhjGQ,en
211,Wed Dec 19 21:54:49 +0000 2018,RT @engageducate: Lots of #Chromebook tips and tricks! https://t.co/CjcM2lWu4R,en
212,Wed Dec 19 21:54:02 +0000 2018,"The Google Play store, coming to a Chromebook near you @google https://t.co/BMMAg2VUS1",en
213,Wed Dec 19 21:48:29 +0000 2018,"Samsung Chromebook 3, 11.6"", 4GB RAM, 16GB eMMC, Chromebook (XE500C13) Samsun... https://t.co/k02zloXB0u via @amazon",en
214,Wed Dec 19 21:46:44 +0000 2018,Dual-booting into Microsoft Windows on a Chromebook looks to be readyÂ soon https://t.co/eGMl2oBGY3 https://t.co/pMJ936GPNV,en
215,Wed Dec 19 21:46:16 +0000 2018,"Samsung Chromebook (Wi-Fi, 11.6-Inch) - Silver (Certified Refurbished) Samsun... https://t.co/M4os6LBxn7 via @amazon",en
216,Wed Dec 19 21:45:31 +0000 2018,"Samsung Chromebook (Wi-Fi, 11.6-Inch) - Silver (Certified Refurbished) Samsun... https://t.co/sQov8XQUAY via @amazon",en
217,Wed Dec 19 21:44:15 +0000 2018,"RT @bradjdale: 4 Chromebook shortcuts in under 20 seconds (8 in the GIF).
https://t.co/rDiEFY2gRU
#chromebooks #chromebook #gsuiteedu httpsâ€¦",en
218,Wed Dec 19 21:42:17 +0000 2018,"@RantsByDesign @samgladstone661 They are all crap.  At least Chromebook is cheap. Maybe Apple is better, but so expensive.",en
219,Wed Dec 19 21:40:23 +0000 2018,"Macbookã‚’ã‚µãƒ–æ©Ÿã«ä½¿ã†ã«ã¯ã‚ªãƒ¼ãƒãƒ¼ã‚¹ãƒšãƒƒã‚¯ã ã¨æ€ã†ã—
Chromebookã¯ã‚µãƒ–ã«ä¸åº¦ã„ã„ã‹ã‚‚",ja
220,Wed Dec 19 21:38:27 +0000 2018,"Chromebookæ¬²ã—ã„ãªã
ç”¨é€”çš„ã«ã´ã£ãŸã‚Šãªæ°—ãŒã™ã‚‹",ja
221,Wed Dec 19 21:38:23 +0000 2018,Google has released a Beta Channel Update for Desktop. Read whats new at https://t.co/Vkxe8f9s6z #chrome #chromebook,en
222,Wed Dec 19 21:38:11 +0000 2018,RT @KevinCTofel: Recent internal testing of Microsoft Windows dual booting on the Pixelbook suggests Project Campfire is nearing the home sâ€¦,en
223,Wed Dec 19 21:37:27 +0000 2018,RT @ChromebookFan: A guide to finding your new favorite #Chromebook keyboard! - Android Central #ChromeOS  https://t.co/SVJErBYCXB via @Gooâ€¦,en
224,Wed Dec 19 21:37:10 +0000 2018,@mystman12 I have a question for you mystman. Will you ever make all Baldi's Basics games available on Chromebooks/â€¦ https://t.co/jkwvPnHxCF,en
225,Wed Dec 19 21:32:45 +0000 2018,@WirecutterDeals any recommendations for external cd/dvd drive for chromebook. Just need to play cd/dvd not write.,en
226,Wed Dec 19 21:31:09 +0000 2018,"RT @rquandt: Lenovo 100e, 300e, 500e Chromebook / Windows 2nd gen cheapo laptops are inbound for a likely CES launch.",en
227,Wed Dec 19 21:30:09 +0000 2018,"5 motivos para comprar una laptop con Windows en lugar de una Chromebook
 https://t.co/rAu3CbKuIt via @ExpertZone",es
228,Wed Dec 19 21:29:54 +0000 2018,"5 motivos para comprar una laptop con Windows en lugar de una Chromebook
 https://t.co/rAu3CbKuIt vÃ­a @ExpertZone",es
229,Wed Dec 19 21:29:48 +0000 2018,"@HPUK Hello could you tell me when the HP X360 14""CHROMEBOOK will be in the shops to have a look at it in the flesh so to speak. Thanks",en
230,Wed Dec 19 21:29:10 +0000 2018,Additional HP Chromebook x2 Chrome OS 2-in-1 tablet models with Intel Core i5 and Intel Pentium 4415Y Processors noâ€¦ https://t.co/RUudXk5HwS,en
231,Wed Dec 19 21:28:59 +0000 2018,Ø­Ø§Ø³Ø¨ Inspiron Chromebook 14 Ø§Ù„Ù‡Ø¬ÙŠÙ† Ù…Ù† Ø¯ÙŠÙ„ https://t.co/dPUluLJnPz,und
232,Wed Dec 19 21:26:12 +0000 2018,Fun fact: this is my wallpaper on my chromebook @ school lol https://t.co/NibE86p86K,en
233,Wed Dec 19 21:21:06 +0000 2018,RT @JRRaphael: Fair warning: Your brain may not be able to absorb all the awesomeness in this enormous new collection of Chromebook tips.â€¦,en
234,Wed Dec 19 21:21:03 +0000 2018,"""HP Chromebook x2 review: A better bet and bargain than the Google Pixel Slate"" https://t.co/XjH3xk6n91",en
235,Wed Dec 19 21:20:05 +0000 2018,"@HP hello when will the HP X360 14""Chromebook be in the shops so I can have a look at it in the flesh so to speak. Thanks",en
236,Wed Dec 19 21:19:25 +0000 2018,I spent half an hour on my $600 Chromebook 2-in-1 making this masterpiece. https://t.co/rpcMOYKTfB,en
237,Wed Dec 19 21:17:49 +0000 2018,RT @itmedia: ï¼»ITmedia ã‚¨ãƒ³ã‚¿ãƒ¼ãƒ—ãƒ©ã‚¤ã‚ºï¼½ä¿¡è€…ãŒèªã‚‹Chromebookï¼†G Suiteã®é­…åŠ›ï¼ˆå¾Œç·¨ï¼‰ï¼šChromebookã§ä½¿ã†Office Onlineï¼Office 365ã®ç¾å®Ÿ https://t.co/d9uKj6PjWs,ja
238,Wed Dec 19 21:16:03 +0000 2018,RT @ohhara_shiojiri: Macã ã‚ã†ãŒChromebookã ã‚ã†ãŒãƒãƒ«ã‚¦ã‚§ã‚¢ã«æ„ŸæŸ“ã™ã‚‹,ja
239,Wed Dec 19 21:14:51 +0000 2018,Best Printer For Chromebook https://t.co/MqxNeIokab via @Bill Lentis Media,en
240,Wed Dec 19 21:10:46 +0000 2018,"(Amazon Renewed: Laptops &amp; Computers) ($249) 2018 Acer 14"" FHD IPS Display Premium Flagship Business Chromebook-Intâ€¦ https://t.co/7lQu023bQ7",en
241,Wed Dec 19 21:10:37 +0000 2018,@roybahat @jamescham I've been working from a Chromebook for a month and loving it,en
242,Wed Dec 19 21:09:26 +0000 2018,HP Chromebook 11-AE044CL Laptop 927655-001 Celeron N3350 1.1 GHz 4GB Intel https://t.co/JakYGhzPuA,pl
243,Wed Dec 19 21:05:58 +0000 2018,"(Amazon Renewed: Laptops &amp; Computers) ($177) Acer 15.6"" Chromebook Celeron N3060 Dual-Core 1.6GHz 2GB RAM 16GB Flasâ€¦ https://t.co/ukvvvMJaRv",en
244,Wed Dec 19 21:05:14 +0000 2018,Google's Family Link parental controls now supported on #Chromebook! https://t.co/cyjyQKMZQb,en
245,Wed Dec 19 21:02:53 +0000 2018,@jamescham I always want to try them! We only care about peak value of best successfully-implemented idea. So lotsâ€¦ https://t.co/muwT0ohSh2,en
246,Wed Dec 19 21:02:35 +0000 2018,Macã ã‚ã†ãŒChromebookã ã‚ã†ãŒãƒãƒ«ã‚¦ã‚§ã‚¢ã«æ„ŸæŸ“ã™ã‚‹,ja
247,Wed Dec 19 21:01:33 +0000 2018,Props to @roybahat for alway being willing to try out my crazy ideas even though they donâ€™t always actually work. (â€¦ https://t.co/oMSjso00fr,en
248,Wed Dec 19 20:59:04 +0000 2018,I liked a @YouTube video https://t.co/3S9xvGLlH9 How to Stay Productive as an Expecting Parent with Colleen Ballinger - Chromebook,en
249,Wed Dec 19 20:58:14 +0000 2018,"RT @Malwarebytes: #Macs don't get #viruses - False | Chromebooks don't get viruses - False
Learn why your #Chromebook might not be as safeâ€¦",en
250,Wed Dec 19 20:55:58 +0000 2018,You'll soon be able to run Windows and Chrome OS on your Chromebook https://t.co/dVCOniZ0TV https://t.co/WFk52Eggyr,en
251,Wed Dec 19 20:54:34 +0000 2018,@FUTBIN @PistolPete2506 Canâ€™t click on anything on the site and I am on a Chromebook. Help plz,en
252,Wed Dec 19 20:54:05 +0000 2018,RT @PythonHub: Python on chromebook? https://t.co/YQoFn21OHw,en
